title,start,end,country
uusivuosi,2019-01-01,2019-01-01,FI
loppiainen,2019-01-06,2019-01-06,FI
pitkäperjantai,2019-04-19,2019-04-19,FI
toinen pääsiäispäivä,2019-04-22,2019-04-22,FI
vappu,2019-05-01,2019-05-01,FI
helatorstai,2019-05-30,2019-05-30,FI
juhannusaatto,2019-06-21,2019-06-21,FI
itsenäisyyspäivä,2019-12-06,2019-12-06,FI
jouluaatto,2019-12-24,2019-12-24,FI
joulupäivä,2019-12-25,2019-12-25,FI
tapaninpäivä,2019-12-26,2019-12-26,FI
uusivuosi,2020-01-01,2020-01-01,FI
loppiainen,2020-01-06,2020-01-06,FI
pitkäperjantai,2020-04-10,2020-04-10,FI
toinen pääsiäispäivä,2020-04-13,2020-04-13,FI
vappu,2020-05-01,2020-05-01,FI
helatorstai,2020-05-21,2020-05-21,FI
juhannusaatto,2020-06-19,2020-06-19,FI
itsenäisyyspäivä,2020-12-06,2020-12-06,FI
jouluaatto,2020-12-24,2020-12-24,FI
joulupäivä,2020-12-25,2020-12-25,FI
tapaninpäivä,2020-12-26,2020-12-26,FI
uusivuosi,2021-01-01,2021-01-01,FI
loppiainen,2021-01-06,2021-01-06,FI
pitkäperjantai,2021-04-02,2021-04-02,FI
toinen pääsiäispäivä,2021-04-05,2021-04-05,FI
vappu,2021-05-01,2021-05-01,FI
helatorstai,2021-05-13,2021-05-13,FI
juhannusaatto,2021-06-25,2021-06-25,FI
itsenäisyyspäivä,2021-12-06,2021-12-06,FI
jouluaatto,2021-12-24,2021-12-24,FI
joulupäivä,2021-12-25,2021-12-25,FI
tapaninpäivä,2021-12-26,2021-12-26,FI
uusivuosi,2022-01-01,2022-01-01,FI
loppiainen,2022-01-06,2022-01-06,FI
pitkäperjantai,2022-04-15,2022-04-15,FI
toinen pääsiäispäivä,2022-04-18,2022-04-18,FI
vappu,2022-05-01,2022-05-01,FI
helatorstai,2022-05-26,2022-05-26,FI
juhannusaatto,2022-06-24,2022-06-24,FI
itsenäisyyspäivä,2022-12-06,2022-12-06,FI
jouluaatto,2022-12-24,2022-12-24,FI
joulupäivä,2022-12-25,2022-12-25,FI
tapaninpäivä,2022-12-26,2022-12-26,FI
uusivuosi,2023-01-01,2023-01-01,FI
loppiainen,2023-01-06,2023-01-06,FI
pitkäperjantai,2023-04-07,2023-04-07,FI
toinen pääsiäispäivä,2023-04-10,2023-04-10,FI
vappu,2023-05-01,2023-05-01,FI
helatorstai,2023-05-18,2023-05-18,FI
juhannusaatto,2023-06-23,2023-06-23,FI
itsenäisyyspäivä,2023-12-06,2023-12-06,FI
jouluaatto,2023-12-24,2023-12-24,FI
joulupäivä,2023-12-25,2023-12-25,FI
tapaninpäivä,2023-12-26,2023-12-26,FI
uusivuosi,2024-01-01,2024-01-01,FI
loppiainen,2024-01-06,2024-01-06,FI
pitkäperjantai,2024-03-29,2024-03-29,FI
toinen pääsiäispäivä,2024-04-01,2024-04-01,FI
vappu,2024-05-01,2024-05-01,FI
helatorstai,2024-05-09,2024-05-09,FI
juhannusaatto,2024-06-21,2024-06-21,FI
itsenäisyyspäivä,2024-12-06,2024-12-06,FI
jouluaatto,2024-12-24,2024-12-24,FI
joulupäivä,2024-12-25,2024-12-25,FI
tapaninpäivä,2024-12-26,2024-12-26,FI
uusivuosi,2025-01-01,2025-01-01,FI
loppiainen,2025-01-06,2025-01-06,FI
pitkäperjantai,2025-04-18,2025-04-18,FI
toinen pääsiäispäivä,2025-04-21,2025-04-21,FI
vappu,2025-05-01,2025-05-01,FI
helatorstai,2025-05-29,2025-05-29,FI
juhannusaatto,2025-06-20,2025-06-20,FI
itsenäisyyspäivä,2025-12-06,2025-12-06,FI
jouluaatto,2025-12-24,2025-12-24,FI
joulupäivä,2025-12-25,2025-12-25,FI
tapaninpäivä,2025-12-26,2025-12-26,FI
uusivuosi,2026-01-01,2026-01-01,FI
loppiainen,2026-01-06,2026-01-06,FI
pitkäperjantai,2026-04-03,2026-04-03,FI
toinen pääsiäispäivä,2026-04-06,2026-04-06,FI
vappu,2026-05-01,2026-05-01,FI
helatorstai,2026-05-14,2026-05-14,FI
juhannusaatto,2026-06-19,2026-06-19,FI
itsenäisyyspäivä,2026-12-06,2026-12-06,FI
jouluaatto,2026-12-24,2026-12-24,FI
joulupäivä,2026-12-25,2026-12-25,FI
tapaninpäivä,2026-12-26,2026-12-26,FI
uusivuosi,2027-01-01,2027-01-01,FI
loppiainen,2027-01-06,2027-01-06,FI
pitkäperjantai,2027-03-26,2027-03-26,FI
toinen pääsiäispäivä,2027-03-29,2027-03-29,FI
vappu,2027-05-01,2027-05-01,FI
helatorstai,2027-05-06,2027-05-06,FI
juhannusaatto,2027-06-25,2027-06-25,FI
itsenäisyyspäivä,2027-12-06,2027-12-06,FI
jouluaatto,2027-12-24,2027-12-24,FI
joulupäivä,2027-12-25,2027-12-25,FI
tapaninpäivä,2027-12-26,2027-12-26,FI
uusivuosi,2028-01-01,2028-01-01,FI
loppiainen,2028-01-06,2028-01-06,FI
pitkäperjantai,2028-04-14,2028-04-14,FI
toinen pääsiäispäivä,2028-04-17,2028-04-17,FI
vappu,2028-05-01,2028-05-01,FI
helatorstai,2028-05-25,2028-05-25,FI
juhannusaatto,2028-06-23,2028-06-23,FI
itsenäisyyspäivä,2028-12-06,2028-12-06,FI
jouluaatto,2028-12-24,2028-12-24,FI
joulupäivä,2028-12-25,2028-12-25,FI
tapaninpäivä,2028-12-26,2028-12-26,FI
uusivuosi,2029-01-01,2029-01-01,FI
loppiainen,2029-01-06,2029-01-06,FI
pitkäperjantai,2029-03-30,2029-03-30,FI
toinen pääsiäispäivä,2029-04-02,2029-04-02,FI
vappu,2029-05-01,2029-05-01,FI
helatorstai,2029-05-10,2029-05-10,FI
juhannusaatto,2029-06-22,2029-06-22,FI
itsenäisyyspäivä,2029-12-06,2029-12-06,FI
jouluaatto,2029-12-24,2029-12-24,FI
joulupäivä,2029-12-25,2029-12-25,FI
tapaninpäivä,2029-12-26,2029-12-26,FI
uusivuosi,2030-01-01,2030-01-01,FI
loppiainen,2030-01-06,2030-01-06,FI
pitkäperjantai,2030-04-19,2030-04-19,FI
toinen pääsiäispäivä,2030-04-22,2030-04-22,FI
vappu,2030-05-01,2030-05-01,FI
helatorstai,2030-05-30,2030-05-30,FI
juhannusaatto,2030-06-21,2030-06-21,FI
itsenäisyyspäivä,2030-12-06,2030-12-06,FI
jouluaatto,2030-12-24,2030-12-24,FI
joulupäivä,2030-12-25,2030-12-25,FI
tapaninpäivä,2030-12-26,2030-12-26,FI
uusivuosi,2031-01-01,2031-01-01,FI
loppiainen,2031-01-06,2031-01-06,FI
pitkäperjantai,2031-04-11,2031-04-11,FI
toinen pääsiäispäivä,2031-04-14,2031-04-14,FI
vappu,2031-05-01,2031-05-01,FI
helatorstai,2031-05-22,2031-05-22,FI
juhannusaatto,2031-06-20,2031-06-20,FI
itsenäisyyspäivä,2031-12-06,2031-12-06,FI
jouluaatto,2031-12-24,2031-12-24,FI
joulupäivä,2031-12-25,2031-12-25,FI
tapaninpäivä,2031-12-26,2031-12-26,FI
uusivuosi,2032-01-01,2032-01-01,FI
loppiainen,2032-01-06,2032-01-06,FI
pitkäperjantai,2032-03-26,2032-03-26,FI
toinen pääsiäispäivä,2032-03-29,2032-03-29,FI
vappu,2032-05-01,2032-05-01,FI
helatorstai,2032-05-06,2032-05-06,FI
juhannusaatto,2032-06-25,2032-06-25,FI
itsenäisyyspäivä,2032-12-06,2032-12-06,FI
jouluaatto,2032-12-24,2032-12-24,FI
joulupäivä,2032-12-25,2032-12-25,FI
tapaninpäivä,2032-12-26,2032-12-26,FI
uusivuosi,2033-01-01,2033-01-01,FI
loppiainen,2033-01-06,2033-01-06,FI
pitkäperjantai,2033-04-15,2033-04-15,FI
toinen pääsiäispäivä,2033-04-18,2033-04-18,FI
vappu,2033-05-01,2033-05-01,FI
helatorstai,2033-05-26,2033-05-26,FI
juhannusaatto,2033-06-24,2033-06-24,FI
itsenäisyyspäivä,2033-12-06,2033-12-06,FI
jouluaatto,2033-12-24,2033-12-24,FI
joulupäivä,2033-12-25,2033-12-25,FI
tapaninpäivä,2033-12-26,2033-12-26,FI
uusivuosi,2034-01-01,2034-01-01,FI
loppiainen,2034-01-06,2034-01-06,FI
pitkäperjantai,2034-04-07,2034-04-07,FI
toinen pääsiäispäivä,2034-04-10,2034-04-10,FI
vappu,2034-05-01,2034-05-01,FI
helatorstai,2034-05-18,2034-05-18,FI
juhannusaatto,2034-06-23,2034-06-23,FI
itsenäisyyspäivä,2034-12-06,2034-12-06,FI
jouluaatto,2034-12-24,2034-12-24,FI
joulupäivä,2034-12-25,2034-12-25,FI
tapaninpäivä,2034-12-26,2034-12-26,FI
uusivuosi,2035-01-01,2035-01-01,FI
loppiainen,2035-01-06,2035-01-06,FI
pitkäperjantai,2035-03-23,2035-03-23,FI
toinen pääsiäispäivä,2035-03-26,2035-03-26,FI
vappu,2035-05-01,2035-05-01,FI
helatorstai,2035-05-03,2035-05-03,FI
juhannusaatto,2035-06-22,2035-06-22,FI
itsenäisyyspäivä,2035-12-06,2035-12-06,FI
jouluaatto,2035-12-24,2035-12-24,FI
joulupäivä,2035-12-25,2035-12-25,FI
tapaninpäivä,2035-12-26,2035-12-26,FI
uusivuosi,2036-01-01,2036-01-01,FI
loppiainen,2036-01-06,2036-01-06,FI
pitkäperjantai,2036-04-11,2036-04-11,FI
toinen pääsiäispäivä,2036-04-14,2036-04-14,FI
vappu,2036-05-01,2036-05-01,FI
helatorstai,2036-05-22,2036-05-22,FI
juhannusaatto,2036-06-20,2036-06-20,FI
itsenäisyyspäivä,2036-12-06,2036-12-06,FI
jouluaatto,2036-12-24,2036-12-24,FI
joulupäivä,2036-12-25,2036-12-25,FI
tapaninpäivä,2036-12-26,2036-12-26,FI
uusivuosi,2037-01-01,2037-01-01,FI
loppiainen,2037-01-06,2037-01-06,FI
pitkäperjantai,2037-04-03,2037-04-03,FI
toinen pääsiäispäivä,2037-04-06,2037-04-06,FI
vappu,2037-05-01,2037-05-01,FI
helatorstai,2037-05-14,2037-05-14,FI
juhannusaatto,2037-06-19,2037-06-19,FI
itsenäisyyspäivä,2037-12-06,2037-12-06,FI
jouluaatto,2037-12-24,2037-12-24,FI
joulupäivä,2037-12-25,2037-12-25,FI
tapaninpäivä,2037-12-26,2037-12-26,FI
uusivuosi,2038-01-01,2038-01-01,FI
loppiainen,2038-01-06,2038-01-06,FI
pitkäperjantai,2038-04-23,2038-04-23,FI
toinen pääsiäispäivä,2038-04-26,2038-04-26,FI
vappu,2038-05-01,2038-05-01,FI
helatorstai,2038-06-03,2038-06-03,FI
juhannusaatto,2038-06-25,2038-06-25,FI
itsenäisyyspäivä,2038-12-06,2038-12-06,FI
jouluaatto,2038-12-24,2038-12-24,FI
joulupäivä,2038-12-25,2038-12-25,FI
tapaninpäivä,2038-12-26,2038-12-26,FI
uusivuosi,2039-01-01,2039-01-01,FI
loppiainen,2039-01-06,2039-01-06,FI
pitkäperjantai,2039-04-08,2039-04-08,FI
toinen pääsiäispäivä,2039-04-11,2039-04-11,FI
vappu,2039-05-01,2039-05-01,FI
helatorstai,2039-05-19,2039-05-19,FI
juhannusaatto,2039-06-24,2039-06-24,FI
itsenäisyyspäivä,2039-12-06,2039-12-06,FI
jouluaatto,2039-12-24,2039-12-24,FI
joulupäivä,2039-12-25,2039-12-25,FI
tapaninpäivä,2039-12-26,2039-12-26,FI
uusivuosi,2040-01-01,2040-01-01,FI
loppiainen,2040-01-06,2040-01-06,FI
pitkäperjantai,2040-03-30,2040-03-30,FI
toinen pääsiäispäivä,2040-04-02,2040-04-02,FI
vappu,2040-05-01,2040-05-01,FI
helatorstai,2040-05-10,2040-05-10,FI
juhannusaatto,2040-06-22,2040-06-22,FI
itsenäisyyspäivä,2040-12-06,2040-12-06,FI
jouluaatto,2040-12-24,2040-12-24,FI
joulupäivä,2040-12-25,2040-12-25,FI
tapaninpäivä,2040-12-26,2040-12-26,FI
uusivuosi,2041-01-01,2041-01-01,FI
loppiainen,2041-01-06,2041-01-06,FI
pitkäperjantai,2041-04-19,2041-04-19,FI
toinen pääsiäispäivä,2041-04-22,2041-04-22,FI
vappu,2041-05-01,2041-05-01,FI
helatorstai,2041-05-30,2041-05-30,FI
juhannusaatto,2041-06-21,2041-06-21,FI
itsenäisyyspäivä,2041-12-06,2041-12-06,FI
jouluaatto,2041-12-24,2041-12-24,FI
joulupäivä,2041-12-25,2041-12-25,FI
tapaninpäivä,2041-12-26,2041-12-26,FI
uusivuosi,2042-01-01,2042-01-01,FI
loppiainen,2042-01-06,2042-01-06,FI
pitkäperjantai,2042-04-04,2042-04-04,FI
toinen pääsiäispäivä,2042-04-07,2042-04-07,FI
vappu,2042-05-01,2042-05-01,FI
helatorstai,2042-05-15,2042-05-15,FI
juhannusaatto,2042-06-20,2042-06-20,FI
itsenäisyyspäivä,2042-12-06,2042-12-06,FI
jouluaatto,2042-12-24,2042-12-24,FI
joulupäivä,2042-12-25,2042-12-25,FI
tapaninpäivä,2042-12-26,2042-12-26,FI
uusivuosi,2043-01-01,2043-01-01,FI
loppiainen,2043-01-06,2043-01-06,FI
pitkäperjantai,2043-03-27,2043-03-27,FI
toinen pääsiäispäivä,2043-03-30,2043-03-30,FI
vappu,2043-05-01,2043-05-01,FI
helatorstai,2043-05-07,2043-05-07,FI
juhannusaatto,2043-06-19,2043-06-19,FI
itsenäisyyspäivä,2043-12-06,2043-12-06,FI
jouluaatto,2043-12-24,2043-12-24,FI
joulupäivä,2043-12-25,2043-12-25,FI
tapaninpäivä,2043-12-26,2043-12-26,FI
uusivuosi,2044-01-01,2044-01-01,FI
loppiainen,2044-01-06,2044-01-06,FI
pitkäperjantai,2044-04-15,2044-04-15,FI
toinen pääsiäispäivä,2044-04-18,2044-04-18,FI
vappu,2044-05-01,2044-05-01,FI
helatorstai,2044-05-26,2044-05-26,FI
juhannusaatto,2044-06-24,2044-06-24,FI
itsenäisyyspäivä,2044-12-06,2044-12-06,FI
jouluaatto,2044-12-24,2044-12-24,FI
joulupäivä,2044-12-25,2044-12-25,FI
tapaninpäivä,2044-12-26,2044-12-26,FI
uusivuosi,2045-01-01,2045-01-01,FI
loppiainen,2045-01-06,2045-01-06,FI
pitkäperjantai,2045-04-07,2045-04-07,FI
toinen pääsiäispäivä,2045-04-10,2045-04-10,FI
vappu,2045-05-01,2045-05-01,FI
helatorstai,2045-05-18,2045-05-18,FI
juhannusaatto,2045-06-23,2045-06-23,FI
itsenäisyyspäivä,2045-12-06,2045-12-06,FI
jouluaatto,2045-12-24,2045-12-24,FI
joulupäivä,2045-12-25,2045-12-25,FI
tapaninpäivä,2045-12-26,2045-12-26,FI
uusivuosi,2046-01-01,2046-01-01,FI
loppiainen,2046-01-06,2046-01-06,FI
pitkäperjantai,2046-03-23,2046-03-23,FI
toinen pääsiäispäivä,2046-03-26,2046-03-26,FI
vappu,2046-05-01,2046-05-01,FI
helatorstai,2046-05-03,2046-05-03,FI
juhannusaatto,2046-06-22,2046-06-22,FI
itsenäisyyspäivä,2046-12-06,2046-12-06,FI
jouluaatto,2046-12-24,2046-12-24,FI
joulupäivä,2046-12-25,2046-12-25,FI
tapaninpäivä,2046-12-26,2046-12-26,FI
uusivuosi,2047-01-01,2047-01-01,FI
loppiainen,2047-01-06,2047-01-06,FI
pitkäperjantai,2047-04-12,2047-04-12,FI
toinen pääsiäispäivä,2047-04-15,2047-04-15,FI
vappu,2047-05-01,2047-05-01,FI
helatorstai,2047-05-23,2047-05-23,FI
juhannusaatto,2047-06-21,2047-06-21,FI
itsenäisyyspäivä,2047-12-06,2047-12-06,FI
jouluaatto,2047-12-24,2047-12-24,FI
joulupäivä,2047-12-25,2047-12-25,FI
tapaninpäivä,2047-12-26,2047-12-26,FI
uusivuosi,2048-01-01,2048-01-01,FI
loppiainen,2048-01-06,2048-01-06,FI
pitkäperjantai,2048-04-03,2048-04-03,FI
toinen pääsiäispäivä,2048-04-06,2048-04-06,FI
vappu,2048-05-01,2048-05-01,FI
helatorstai,2048-05-14,2048-05-14,FI
juhannusaatto,2048-06-19,2048-06-19,FI
itsenäisyyspäivä,2048-12-06,2048-12-06,FI
jouluaatto,2048-12-24,2048-12-24,FI
joulupäivä,2048-12-25,2048-12-25,FI
tapaninpäivä,2048-12-26,2048-12-26,FI
uusivuosi,2049-01-01,2049-01-01,FI
loppiainen,2049-01-06,2049-01-06,FI
pitkäperjantai,2049-04-16,2049-04-16,FI
toinen pääsiäispäivä,2049-04-19,2049-04-19,FI
vappu,2049-05-01,2049-05-01,FI
helatorstai,2049-05-27,2049-05-27,FI
juhannusaatto,2049-06-25,2049-06-25,FI
itsenäisyyspäivä,2049-12-06,2049-12-06,FI
jouluaatto,2049-12-24,2049-12-24,FI
joulupäivä,2049-12-25,2049-12-25,FI
tapaninpäivä,2049-12-26,2049-12-26,FI
uusivuosi,2050-01-01,2050-01-01,FI
loppiainen,2050-01-06,2050-01-06,FI
pitkäperjantai,2050-04-08,2050-04-08,FI
toinen pääsiäispäivä,2050-04-11,2050-04-11,FI
vappu,2050-05-01,2050-05-01,FI
helatorstai,2050-05-19,2050-05-19,FI
juhannusaatto,2050-06-24,2050-06-24,FI
itsenäisyyspäivä,2050-12-06,2050-12-06,FI
jouluaatto,2050-12-24,2050-12-24,FI
joulupäivä,2050-12-25,2050-12-25,FI
tapaninpäivä,2050-12-26,2050-12-26,FI
uusivuosi,2051-01-01,2051-01-01,FI
loppiainen,2051-01-06,2051-01-06,FI
pitkäperjantai,2051-03-31,2051-03-31,FI
toinen pääsiäispäivä,2051-04-03,2051-04-03,FI
vappu,2051-05-01,2051-05-01,FI
helatorstai,2051-05-11,2051-05-11,FI
juhannusaatto,2051-06-23,2051-06-23,FI
itsenäisyyspäivä,2051-12-06,2051-12-06,FI
jouluaatto,2051-12-24,2051-12-24,FI
joulupäivä,2051-12-25,2051-12-25,FI
tapaninpäivä,2051-12-26,2051-12-26,FI
uusivuosi,2052-01-01,2052-01-01,FI
loppiainen,2052-01-06,2052-01-06,FI
pitkäperjantai,2052-04-19,2052-04-19,FI
toinen pääsiäispäivä,2052-04-22,2052-04-22,FI
vappu,2052-05-01,2052-05-01,FI
helatorstai,2052-05-30,2052-05-30,FI
juhannusaatto,2052-06-21,2052-06-21,FI
itsenäisyyspäivä,2052-12-06,2052-12-06,FI
jouluaatto,2052-12-24,2052-12-24,FI
joulupäivä,2052-12-25,2052-12-25,FI
tapaninpäivä,2052-12-26,2052-12-26,FI
uusivuosi,2053-01-01,2053-01-01,FI
loppiainen,2053-01-06,2053-01-06,FI
pitkäperjantai,2053-04-04,2053-04-04,FI
toinen pääsiäispäivä,2053-04-07,2053-04-07,FI
vappu,2053-05-01,2053-05-01,FI
helatorstai,2053-05-15,2053-05-15,FI
juhannusaatto,2053-06-20,2053-06-20,FI
itsenäisyyspäivä,2053-12-06,2053-12-06,FI
jouluaatto,2053-12-24,2053-12-24,FI
joulupäivä,2053-12-25,2053-12-25,FI
tapaninpäivä,2053-12-26,2053-12-26,FI
uusivuosi,2054-01-01,2054-01-01,FI
loppiainen,2054-01-06,2054-01-06,FI
pitkäperjantai,2054-03-27,2054-03-27,FI
toinen pääsiäispäivä,2054-03-30,2054-03-30,FI
vappu,2054-05-01,2054-05-01,FI
helatorstai,2054-05-07,2054-05-07,FI
juhannusaatto,2054-06-19,2054-06-19,FI
itsenäisyyspäivä,2054-12-06,2054-12-06,FI
jouluaatto,2054-12-24,2054-12-24,FI
joulupäivä,2054-12-25,2054-12-25,FI
tapaninpäivä,2054-12-26,2054-12-26,FI
uusivuosi,2055-01-01,2055-01-01,FI
loppiainen,2055-01-06,2055-01-06,FI
pitkäperjantai,2055-04-16,2055-04-16,FI
toinen pääsiäispäivä,2055-04-19,2055-04-19,FI
vappu,2055-05-01,2055-05-01,FI
helatorstai,2055-05-27,2055-05-27,FI
juhannusaatto,2055-06-25,2055-06-25,FI
itsenäisyyspäivä,2055-12-06,2055-12-06,FI
jouluaatto,2055-12-24,2055-12-24,FI
joulupäivä,2055-12-25,2055-12-25,FI
tapaninpäivä,2055-12-26,2055-12-26,FI
uusivuosi,2056-01-01,2056-01-01,FI
loppiainen,2056-01-06,2056-01-06,FI
pitkäperjantai,2056-03-31,2056-03-31,FI
toinen pääsiäispäivä,2056-04-03,2056-04-03,FI
vappu,2056-05-01,2056-05-01,FI
helatorstai,2056-05-11,2056-05-11,FI
juhannusaatto,2056-06-23,2056-06-23,FI
itsenäisyyspäivä,2056-12-06,2056-12-06,FI
jouluaatto,2056-12-24,2056-12-24,FI
joulupäivä,2056-12-25,2056-12-25,FI
tapaninpäivä,2056-12-26,2056-12-26,FI
uusivuosi,2057-01-01,2057-01-01,FI
loppiainen,2057-01-06,2057-01-06,FI
pitkäperjantai,2057-04-20,2057-04-20,FI
toinen pääsiäispäivä,2057-04-23,2057-04-23,FI
vappu,2057-05-01,2057-05-01,FI
helatorstai,2057-05-31,2057-05-31,FI
juhannusaatto,2057-06-22,2057-06-22,FI
itsenäisyyspäivä,2057-12-06,2057-12-06,FI
jouluaatto,2057-12-24,2057-12-24,FI
joulupäivä,2057-12-25,2057-12-25,FI
tapaninpäivä,2057-12-26,2057-12-26,FI
uusivuosi,2058-01-01,2058-01-01,FI
loppiainen,2058-01-06,2058-01-06,FI
pitkäperjantai,2058-04-12,2058-04-12,FI
toinen pääsiäispäivä,2058-04-15,2058-04-15,FI
vappu,2058-05-01,2058-05-01,FI
helatorstai,2058-05-23,2058-05-23,FI
juhannusaatto,2058-06-21,2058-06-21,FI
itsenäisyyspäivä,2058-12-06,2058-12-06,FI
jouluaatto,2058-12-24,2058-12-24,FI
joulupäivä,2058-12-25,2058-12-25,FI
tapaninpäivä,2058-12-26,2058-12-26,FI
uusivuosi,2059-01-01,2059-01-01,FI
loppiainen,2059-01-06,2059-01-06,FI
pitkäperjantai,2059-03-28,2059-03-28,FI
toinen pääsiäispäivä,2059-03-31,2059-03-31,FI
vappu,2059-05-01,2059-05-01,FI
helatorstai,2059-05-08,2059-05-08,FI
juhannusaatto,2059-06-20,2059-06-20,FI
itsenäisyyspäivä,2059-12-06,2059-12-06,FI
jouluaatto,2059-12-24,2059-12-24,FI
joulupäivä,2059-12-25,2059-12-25,FI
tapaninpäivä,2059-12-26,2059-12-26,FI
uusivuosi,2060-01-01,2060-01-01,FI
loppiainen,2060-01-06,2060-01-06,FI
pitkäperjantai,2060-04-16,2060-04-16,FI
toinen pääsiäispäivä,2060-04-19,2060-04-19,FI
vappu,2060-05-01,2060-05-01,FI
helatorstai,2060-05-27,2060-05-27,FI
juhannusaatto,2060-06-25,2060-06-25,FI
itsenäisyyspäivä,2060-12-06,2060-12-06,FI
jouluaatto,2060-12-24,2060-12-24,FI
joulupäivä,2060-12-25,2060-12-25,FI
tapaninpäivä,2060-12-26,2060-12-26,FI
uusivuosi,2061-01-01,2061-01-01,FI
loppiainen,2061-01-06,2061-01-06,FI
pitkäperjantai,2061-04-08,2061-04-08,FI
toinen pääsiäispäivä,2061-04-11,2061-04-11,FI
vappu,2061-05-01,2061-05-01,FI
helatorstai,2061-05-19,2061-05-19,FI
juhannusaatto,2061-06-24,2061-06-24,FI
itsenäisyyspäivä,2061-12-06,2061-12-06,FI
jouluaatto,2061-12-24,2061-12-24,FI
joulupäivä,2061-12-25,2061-12-25,FI
tapaninpäivä,2061-12-26,2061-12-26,FI
uusivuosi,2062-01-01,2062-01-01,FI
loppiainen,2062-01-06,2062-01-06,FI
pitkäperjantai,2062-03-24,2062-03-24,FI
toinen pääsiäispäivä,2062-03-27,2062-03-27,FI
vappu,2062-05-01,2062-05-01,FI
helatorstai,2062-05-04,2062-05-04,FI
juhannusaatto,2062-06-23,2062-06-23,FI
itsenäisyyspäivä,2062-12-06,2062-12-06,FI
jouluaatto,2062-12-24,2062-12-24,FI
joulupäivä,2062-12-25,2062-12-25,FI
tapaninpäivä,2062-12-26,2062-12-26,FI
uusivuosi,2063-01-01,2063-01-01,FI
loppiainen,2063-01-06,2063-01-06,FI
pitkäperjantai,2063-04-13,2063-04-13,FI
toinen pääsiäispäivä,2063-04-16,2063-04-16,FI
vappu,2063-05-01,2063-05-01,FI
helatorstai,2063-05-24,2063-05-24,FI
juhannusaatto,2063-06-22,2063-06-22,FI
itsenäisyyspäivä,2063-12-06,2063-12-06,FI
jouluaatto,2063-12-24,2063-12-24,FI
joulupäivä,2063-12-25,2063-12-25,FI
tapaninpäivä,2063-12-26,2063-12-26,FI
uusivuosi,2064-01-01,2064-01-01,FI
loppiainen,2064-01-06,2064-01-06,FI
pitkäperjantai,2064-04-04,2064-04-04,FI
toinen pääsiäispäivä,2064-04-07,2064-04-07,FI
vappu,2064-05-01,2064-05-01,FI
helatorstai,2064-05-15,2064-05-15,FI
juhannusaatto,2064-06-20,2064-06-20,FI
itsenäisyyspäivä,2064-12-06,2064-12-06,FI
jouluaatto,2064-12-24,2064-12-24,FI
joulupäivä,2064-12-25,2064-12-25,FI
tapaninpäivä,2064-12-26,2064-12-26,FI
uusivuosi,2065-01-01,2065-01-01,FI
loppiainen,2065-01-06,2065-01-06,FI
pitkäperjantai,2065-03-27,2065-03-27,FI
toinen pääsiäispäivä,2065-03-30,2065-03-30,FI
vappu,2065-05-01,2065-05-01,FI
helatorstai,2065-05-07,2065-05-07,FI
juhannusaatto,2065-06-19,2065-06-19,FI
itsenäisyyspäivä,2065-12-06,2065-12-06,FI
jouluaatto,2065-12-24,2065-12-24,FI
joulupäivä,2065-12-25,2065-12-25,FI
tapaninpäivä,2065-12-26,2065-12-26,FI
uusivuosi,2066-01-01,2066-01-01,FI
loppiainen,2066-01-06,2066-01-06,FI
pitkäperjantai,2066-04-09,2066-04-09,FI
toinen pääsiäispäivä,2066-04-12,2066-04-12,FI
vappu,2066-05-01,2066-05-01,FI
helatorstai,2066-05-20,2066-05-20,FI
juhannusaatto,2066-06-25,2066-06-25,FI
itsenäisyyspäivä,2066-12-06,2066-12-06,FI
jouluaatto,2066-12-24,2066-12-24,FI
joulupäivä,2066-12-25,2066-12-25,FI
tapaninpäivä,2066-12-26,2066-12-26,FI
uusivuosi,2067-01-01,2067-01-01,FI
loppiainen,2067-01-06,2067-01-06,FI
pitkäperjantai,2067-04-01,2067-04-01,FI
toinen pääsiäispäivä,2067-04-04,2067-04-04,FI
vappu,2067-05-01,2067-05-01,FI
helatorstai,2067-05-12,2067-05-12,FI
juhannusaatto,2067-06-24,2067-06-24,FI
itsenäisyyspäivä,2067-12-06,2067-12-06,FI
jouluaatto,2067-12-24,2067-12-24,FI
joulupäivä,2067-12-25,2067-12-25,FI
tapaninpäivä,2067-12-26,2067-12-26,FI
uusivuosi,2068-01-01,2068-01-01,FI
loppiainen,2068-01-06,2068-01-06,FI
pitkäperjantai,2068-04-20,2068-04-20,FI
toinen pääsiäispäivä,2068-04-23,2068-04-23,FI
vappu,2068-05-01,2068-05-01,FI
helatorstai,2068-05-31,2068-05-31,FI
juhannusaatto,2068-06-22,2068-06-22,FI
itsenäisyyspäivä,2068-12-06,2068-12-06,FI
jouluaatto,2068-12-24,2068-12-24,FI
joulupäivä,2068-12-25,2068-12-25,FI
tapaninpäivä,2068-12-26,2068-12-26,FI
uusivuosi,2069-01-01,2069-01-01,FI
loppiainen,2069-01-06,2069-01-06,FI
pitkäperjantai,2069-04-12,2069-04-12,FI
toinen pääsiäispäivä,2069-04-15,2069-04-15,FI
vappu,2069-05-01,2069-05-01,FI
helatorstai,2069-05-23,2069-05-23,FI
juhannusaatto,2069-06-21,2069-06-21,FI
itsenäisyyspäivä,2069-12-06,2069-12-06,FI
jouluaatto,2069-12-24,2069-12-24,FI
joulupäivä,2069-12-25,2069-12-25,FI
tapaninpäivä,2069-12-26,2069-12-26,FI
uusivuosi,2070-01-01,2070-01-01,FI
loppiainen,2070-01-06,2070-01-06,FI
pitkäperjantai,2070-03-28,2070-03-28,FI
toinen pääsiäispäivä,2070-03-31,2070-03-31,FI
vappu,2070-05-01,2070-05-01,FI
helatorstai,2070-05-08,2070-05-08,FI
juhannusaatto,2070-06-20,2070-06-20,FI
itsenäisyyspäivä,2070-12-06,2070-12-06,FI
jouluaatto,2070-12-24,2070-12-24,FI
joulupäivä,2070-12-25,2070-12-25,FI
tapaninpäivä,2070-12-26,2070-12-26,FI
uusivuosi,2071-01-01,2071-01-01,FI
loppiainen,2071-01-06,2071-01-06,FI
pitkäperjantai,2071-04-17,2071-04-17,FI
toinen pääsiäispäivä,2071-04-20,2071-04-20,FI
vappu,2071-05-01,2071-05-01,FI
helatorstai,2071-05-28,2071-05-28,FI
juhannusaatto,2071-06-19,2071-06-19,FI
itsenäisyyspäivä,2071-12-06,2071-12-06,FI
jouluaatto,2071-12-24,2071-12-24,FI
joulupäivä,2071-12-25,2071-12-25,FI
tapaninpäivä,2071-12-26,2071-12-26,FI
uusivuosi,2072-01-01,2072-01-01,FI
loppiainen,2072-01-06,2072-01-06,FI
pitkäperjantai,2072-04-08,2072-04-08,FI
toinen pääsiäispäivä,2072-04-11,2072-04-11,FI
vappu,2072-05-01,2072-05-01,FI
helatorstai,2072-05-19,2072-05-19,FI
juhannusaatto,2072-06-24,2072-06-24,FI
itsenäisyyspäivä,2072-12-06,2072-12-06,FI
jouluaatto,2072-12-24,2072-12-24,FI
joulupäivä,2072-12-25,2072-12-25,FI
tapaninpäivä,2072-12-26,2072-12-26,FI
uusivuosi,2073-01-01,2073-01-01,FI
loppiainen,2073-01-06,2073-01-06,FI
pitkäperjantai,2073-03-24,2073-03-24,FI
toinen pääsiäispäivä,2073-03-27,2073-03-27,FI
vappu,2073-05-01,2073-05-01,FI
helatorstai,2073-05-04,2073-05-04,FI
juhannusaatto,2073-06-23,2073-06-23,FI
itsenäisyyspäivä,2073-12-06,2073-12-06,FI
jouluaatto,2073-12-24,2073-12-24,FI
joulupäivä,2073-12-25,2073-12-25,FI
tapaninpäivä,2073-12-26,2073-12-26,FI
uusivuosi,2074-01-01,2074-01-01,FI
loppiainen,2074-01-06,2074-01-06,FI
pitkäperjantai,2074-04-13,2074-04-13,FI
toinen pääsiäispäivä,2074-04-16,2074-04-16,FI
vappu,2074-05-01,2074-05-01,FI
helatorstai,2074-05-24,2074-05-24,FI
juhannusaatto,2074-06-22,2074-06-22,FI
itsenäisyyspäivä,2074-12-06,2074-12-06,FI
jouluaatto,2074-12-24,2074-12-24,FI
joulupäivä,2074-12-25,2074-12-25,FI
tapaninpäivä,2074-12-26,2074-12-26,FI
uusivuosi,2075-01-01,2075-01-01,FI
loppiainen,2075-01-06,2075-01-06,FI
pitkäperjantai,2075-04-05,2075-04-05,FI
toinen pääsiäispäivä,2075-04-08,2075-04-08,FI
vappu,2075-05-01,2075-05-01,FI
helatorstai,2075-05-16,2075-05-16,FI
juhannusaatto,2075-06-21,2075-06-21,FI
itsenäisyyspäivä,2075-12-06,2075-12-06,FI
jouluaatto,2075-12-24,2075-12-24,FI
joulupäivä,2075-12-25,2075-12-25,FI
tapaninpäivä,2075-12-26,2075-12-26,FI
uusivuosi,2076-01-01,2076-01-01,FI
loppiainen,2076-01-06,2076-01-06,FI
pitkäperjantai,2076-04-17,2076-04-17,FI
toinen pääsiäispäivä,2076-04-20,2076-04-20,FI
vappu,2076-05-01,2076-05-01,FI
helatorstai,2076-05-28,2076-05-28,FI
juhannusaatto,2076-06-19,2076-06-19,FI
itsenäisyyspäivä,2076-12-06,2076-12-06,FI
jouluaatto,2076-12-24,2076-12-24,FI
joulupäivä,2076-12-25,2076-12-25,FI
tapaninpäivä,2076-12-26,2076-12-26,FI
uusivuosi,2077-01-01,2077-01-01,FI
loppiainen,2077-01-06,2077-01-06,FI
pitkäperjantai,2077-04-09,2077-04-09,FI
toinen pääsiäispäivä,2077-04-12,2077-04-12,FI
vappu,2077-05-01,2077-05-01,FI
helatorstai,2077-05-20,2077-05-20,FI
juhannusaatto,2077-06-25,2077-06-25,FI
itsenäisyyspäivä,2077-12-06,2077-12-06,FI
jouluaatto,2077-12-24,2077-12-24,FI
joulupäivä,2077-12-25,2077-12-25,FI
tapaninpäivä,2077-12-26,2077-12-26,FI
uusivuosi,2078-01-01,2078-01-01,FI
loppiainen,2078-01-06,2078-01-06,FI
pitkäperjantai,2078-04-01,2078-04-01,FI
toinen pääsiäispäivä,2078-04-04,2078-04-04,FI
vappu,2078-05-01,2078-05-01,FI
helatorstai,2078-05-12,2078-05-12,FI
juhannusaatto,2078-06-24,2078-06-24,FI
itsenäisyyspäivä,2078-12-06,2078-12-06,FI
jouluaatto,2078-12-24,2078-12-24,FI
joulupäivä,2078-12-25,2078-12-25,FI
tapaninpäivä,2078-12-26,2078-12-26,FI
uusivuosi,2079-01-01,2079-01-01,FI
loppiainen,2079-01-06,2079-01-06,FI
pitkäperjantai,2079-04-21,2079-04-21,FI
toinen pääsiäispäivä,2079-04-24,2079-04-24,FI
vappu,2079-05-01,2079-05-01,FI
helatorstai,2079-06-01,2079-06-01,FI
juhannusaatto,2079-06-23,2079-06-23,FI
itsenäisyyspäivä,2079-12-06,2079-12-06,FI
jouluaatto,2079-12-24,2079-12-24,FI
joulupäivä,2079-12-25,2079-12-25,FI
tapaninpäivä,2079-12-26,2079-12-26,FI
uusivuosi,2080-01-01,2080-01-01,FI
loppiainen,2080-01-06,2080-01-06,FI
pitkäperjantai,2080-04-05,2080-04-05,FI
toinen pääsiäispäivä,2080-04-08,2080-04-08,FI
vappu,2080-05-01,2080-05-01,FI
helatorstai,2080-05-16,2080-05-16,FI
juhannusaatto,2080-06-21,2080-06-21,FI
itsenäisyyspäivä,2080-12-06,2080-12-06,FI
jouluaatto,2080-12-24,2080-12-24,FI
joulupäivä,2080-12-25,2080-12-25,FI
tapaninpäivä,2080-12-26,2080-12-26,FI
uusivuosi,2081-01-01,2081-01-01,FI
loppiainen,2081-01-06,2081-01-06,FI
pitkäperjantai,2081-03-28,2081-03-28,FI
toinen pääsiäispäivä,2081-03-31,2081-03-31,FI
vappu,2081-05-01,2081-05-01,FI
helatorstai,2081-05-08,2081-05-08,FI
juhannusaatto,2081-06-20,2081-06-20,FI
itsenäisyyspäivä,2081-12-06,2081-12-06,FI
jouluaatto,2081-12-24,2081-12-24,FI
joulupäivä,2081-12-25,2081-12-25,FI
tapaninpäivä,2081-12-26,2081-12-26,FI
uusivuosi,2082-01-01,2082-01-01,FI
loppiainen,2082-01-06,2082-01-06,FI
pitkäperjantai,2082-04-17,2082-04-17,FI
toinen pääsiäispäivä,2082-04-20,2082-04-20,FI
vappu,2082-05-01,2082-05-01,FI
helatorstai,2082-05-28,2082-05-28,FI
juhannusaatto,2082-06-19,2082-06-19,FI
itsenäisyyspäivä,2082-12-06,2082-12-06,FI
jouluaatto,2082-12-24,2082-12-24,FI
joulupäivä,2082-12-25,2082-12-25,FI
tapaninpäivä,2082-12-26,2082-12-26,FI
uusivuosi,2083-01-01,2083-01-01,FI
loppiainen,2083-01-06,2083-01-06,FI
pitkäperjantai,2083-04-02,2083-04-02,FI
toinen pääsiäispäivä,2083-04-05,2083-04-05,FI
vappu,2083-05-01,2083-05-01,FI
helatorstai,2083-05-13,2083-05-13,FI
juhannusaatto,2083-06-25,2083-06-25,FI
itsenäisyyspäivä,2083-12-06,2083-12-06,FI
jouluaatto,2083-12-24,2083-12-24,FI
joulupäivä,2083-12-25,2083-12-25,FI
tapaninpäivä,2083-12-26,2083-12-26,FI
uusivuosi,2084-01-01,2084-01-01,FI
loppiainen,2084-01-06,2084-01-06,FI
pitkäperjantai,2084-03-24,2084-03-24,FI
toinen pääsiäispäivä,2084-03-27,2084-03-27,FI
vappu,2084-05-01,2084-05-01,FI
helatorstai,2084-05-04,2084-05-04,FI
juhannusaatto,2084-06-23,2084-06-23,FI
itsenäisyyspäivä,2084-12-06,2084-12-06,FI
jouluaatto,2084-12-24,2084-12-24,FI
joulupäivä,2084-12-25,2084-12-25,FI
tapaninpäivä,2084-12-26,2084-12-26,FI
uusivuosi,2085-01-01,2085-01-01,FI
loppiainen,2085-01-06,2085-01-06,FI
pitkäperjantai,2085-04-13,2085-04-13,FI
toinen pääsiäispäivä,2085-04-16,2085-04-16,FI
vappu,2085-05-01,2085-05-01,FI
helatorstai,2085-05-24,2085-05-24,FI
juhannusaatto,2085-06-22,2085-06-22,FI
itsenäisyyspäivä,2085-12-06,2085-12-06,FI
jouluaatto,2085-12-24,2085-12-24,FI
joulupäivä,2085-12-25,2085-12-25,FI
tapaninpäivä,2085-12-26,2085-12-26,FI
uusivuosi,2086-01-01,2086-01-01,FI
loppiainen,2086-01-06,2086-01-06,FI
pitkäperjantai,2086-03-29,2086-03-29,FI
toinen pääsiäispäivä,2086-04-01,2086-04-01,FI
vappu,2086-05-01,2086-05-01,FI
helatorstai,2086-05-09,2086-05-09,FI
juhannusaatto,2086-06-21,2086-06-21,FI
itsenäisyyspäivä,2086-12-06,2086-12-06,FI
jouluaatto,2086-12-24,2086-12-24,FI
joulupäivä,2086-12-25,2086-12-25,FI
tapaninpäivä,2086-12-26,2086-12-26,FI
uusivuosi,2087-01-01,2087-01-01,FI
loppiainen,2087-01-06,2087-01-06,FI
pitkäperjantai,2087-04-18,2087-04-18,FI
toinen pääsiäispäivä,2087-04-21,2087-04-21,FI
vappu,2087-05-01,2087-05-01,FI
helatorstai,2087-05-29,2087-05-29,FI
juhannusaatto,2087-06-20,2087-06-20,FI
itsenäisyyspäivä,2087-12-06,2087-12-06,FI
jouluaatto,2087-12-24,2087-12-24,FI
joulupäivä,2087-12-25,2087-12-25,FI
tapaninpäivä,2087-12-26,2087-12-26,FI
uusivuosi,2088-01-01,2088-01-01,FI
loppiainen,2088-01-06,2088-01-06,FI
pitkäperjantai,2088-04-09,2088-04-09,FI
toinen pääsiäispäivä,2088-04-12,2088-04-12,FI
vappu,2088-05-01,2088-05-01,FI
helatorstai,2088-05-20,2088-05-20,FI
juhannusaatto,2088-06-25,2088-06-25,FI
itsenäisyyspäivä,2088-12-06,2088-12-06,FI
jouluaatto,2088-12-24,2088-12-24,FI
joulupäivä,2088-12-25,2088-12-25,FI
tapaninpäivä,2088-12-26,2088-12-26,FI
uusivuosi,2089-01-01,2089-01-01,FI
loppiainen,2089-01-06,2089-01-06,FI
pitkäperjantai,2089-04-01,2089-04-01,FI
toinen pääsiäispäivä,2089-04-04,2089-04-04,FI
vappu,2089-05-01,2089-05-01,FI
helatorstai,2089-05-12,2089-05-12,FI
juhannusaatto,2089-06-24,2089-06-24,FI
itsenäisyyspäivä,2089-12-06,2089-12-06,FI
jouluaatto,2089-12-24,2089-12-24,FI
joulupäivä,2089-12-25,2089-12-25,FI
tapaninpäivä,2089-12-26,2089-12-26,FI
uusivuosi,2090-01-01,2090-01-01,FI
loppiainen,2090-01-06,2090-01-06,FI
pitkäperjantai,2090-04-14,2090-04-14,FI
toinen pääsiäispäivä,2090-04-17,2090-04-17,FI
vappu,2090-05-01,2090-05-01,FI
helatorstai,2090-05-25,2090-05-25,FI
juhannusaatto,2090-06-23,2090-06-23,FI
itsenäisyyspäivä,2090-12-06,2090-12-06,FI
jouluaatto,2090-12-24,2090-12-24,FI
joulupäivä,2090-12-25,2090-12-25,FI
tapaninpäivä,2090-12-26,2090-12-26,FI
uusivuosi,2091-01-01,2091-01-01,FI
loppiainen,2091-01-06,2091-01-06,FI
pitkäperjantai,2091-04-06,2091-04-06,FI
toinen pääsiäispäivä,2091-04-09,2091-04-09,FI
vappu,2091-05-01,2091-05-01,FI
helatorstai,2091-05-17,2091-05-17,FI
juhannusaatto,2091-06-22,2091-06-22,FI
itsenäisyyspäivä,2091-12-06,2091-12-06,FI
jouluaatto,2091-12-24,2091-12-24,FI
joulupäivä,2091-12-25,2091-12-25,FI
tapaninpäivä,2091-12-26,2091-12-26,FI
uusivuosi,2092-01-01,2092-01-01,FI
loppiainen,2092-01-06,2092-01-06,FI
pitkäperjantai,2092-03-28,2092-03-28,FI
toinen pääsiäispäivä,2092-03-31,2092-03-31,FI
vappu,2092-05-01,2092-05-01,FI
helatorstai,2092-05-08,2092-05-08,FI
juhannusaatto,2092-06-20,2092-06-20,FI
itsenäisyyspäivä,2092-12-06,2092-12-06,FI
jouluaatto,2092-12-24,2092-12-24,FI
joulupäivä,2092-12-25,2092-12-25,FI
tapaninpäivä,2092-12-26,2092-12-26,FI
uusivuosi,2093-01-01,2093-01-01,FI
loppiainen,2093-01-06,2093-01-06,FI
pitkäperjantai,2093-04-10,2093-04-10,FI
toinen pääsiäispäivä,2093-04-13,2093-04-13,FI
vappu,2093-05-01,2093-05-01,FI
helatorstai,2093-05-21,2093-05-21,FI
juhannusaatto,2093-06-19,2093-06-19,FI
itsenäisyyspäivä,2093-12-06,2093-12-06,FI
jouluaatto,2093-12-24,2093-12-24,FI
joulupäivä,2093-12-25,2093-12-25,FI
tapaninpäivä,2093-12-26,2093-12-26,FI
uusivuosi,2094-01-01,2094-01-01,FI
loppiainen,2094-01-06,2094-01-06,FI
pitkäperjantai,2094-04-02,2094-04-02,FI
toinen pääsiäispäivä,2094-04-05,2094-04-05,FI
vappu,2094-05-01,2094-05-01,FI
helatorstai,2094-05-13,2094-05-13,FI
juhannusaatto,2094-06-25,2094-06-25,FI
itsenäisyyspäivä,2094-12-06,2094-12-06,FI
jouluaatto,2094-12-24,2094-12-24,FI
joulupäivä,2094-12-25,2094-12-25,FI
tapaninpäivä,2094-12-26,2094-12-26,FI
uusivuosi,2095-01-01,2095-01-01,FI
loppiainen,2095-01-06,2095-01-06,FI
pitkäperjantai,2095-04-22,2095-04-22,FI
toinen pääsiäispäivä,2095-04-25,2095-04-25,FI
vappu,2095-05-01,2095-05-01,FI
helatorstai,2095-06-02,2095-06-02,FI
juhannusaatto,2095-06-24,2095-06-24,FI
itsenäisyyspäivä,2095-12-06,2095-12-06,FI
jouluaatto,2095-12-24,2095-12-24,FI
joulupäivä,2095-12-25,2095-12-25,FI
tapaninpäivä,2095-12-26,2095-12-26,FI
uusivuosi,2096-01-01,2096-01-01,FI
loppiainen,2096-01-06,2096-01-06,FI
pitkäperjantai,2096-04-13,2096-04-13,FI
toinen pääsiäispäivä,2096-04-16,2096-04-16,FI
vappu,2096-05-01,2096-05-01,FI
helatorstai,2096-05-24,2096-05-24,FI
juhannusaatto,2096-06-22,2096-06-22,FI
itsenäisyyspäivä,2096-12-06,2096-12-06,FI
jouluaatto,2096-12-24,2096-12-24,FI
joulupäivä,2096-12-25,2096-12-25,FI
tapaninpäivä,2096-12-26,2096-12-26,FI
uusivuosi,2097-01-01,2097-01-01,FI
loppiainen,2097-01-06,2097-01-06,FI
pitkäperjantai,2097-03-29,2097-03-29,FI
toinen pääsiäispäivä,2097-04-01,2097-04-01,FI
vappu,2097-05-01,2097-05-01,FI
helatorstai,2097-05-09,2097-05-09,FI
juhannusaatto,2097-06-21,2097-06-21,FI
itsenäisyyspäivä,2097-12-06,2097-12-06,FI
jouluaatto,2097-12-24,2097-12-24,FI
joulupäivä,2097-12-25,2097-12-25,FI
tapaninpäivä,2097-12-26,2097-12-26,FI
uusivuosi,2098-01-01,2098-01-01,FI
loppiainen,2098-01-06,2098-01-06,FI
pitkäperjantai,2098-04-18,2098-04-18,FI
toinen pääsiäispäivä,2098-04-21,2098-04-21,FI
vappu,2098-05-01,2098-05-01,FI
helatorstai,2098-05-29,2098-05-29,FI
juhannusaatto,2098-06-20,2098-06-20,FI
itsenäisyyspäivä,2098-12-06,2098-12-06,FI
jouluaatto,2098-12-24,2098-12-24,FI
joulupäivä,2098-12-25,2098-12-25,FI
tapaninpäivä,2098-12-26,2098-12-26,FI
uusivuosi,2099-01-01,2099-01-01,FI
loppiainen,2099-01-06,2099-01-06,FI
pitkäperjantai,2099-04-10,2099-04-10,FI
toinen pääsiäispäivä,2099-04-13,2099-04-13,FI
vappu,2099-05-01,2099-05-01,FI
helatorstai,2099-05-21,2099-05-21,FI
juhannusaatto,2099-06-19,2099-06-19,FI
itsenäisyyspäivä,2099-12-06,2099-12-06,FI
jouluaatto,2099-12-24,2099-12-24,FI
joulupäivä,2099-12-25,2099-12-25,FI
tapaninpäivä,2099-12-26,2099-12-26,FI
uusivuosi,2100-01-01,2100-01-01,FI
loppiainen,2100-01-06,2100-01-06,FI
pitkäperjantai,2100-03-26,2100-03-26,FI
toinen pääsiäispäivä,2100-03-29,2100-03-29,FI
vappu,2100-05-01,2100-05-01,FI
helatorstai,2100-05-06,2100-05-06,FI
juhannusaatto,2100-06-25,2100-06-25,FI
itsenäisyyspäivä,2100-12-06,2100-12-06,FI
jouluaatto,2100-12-24,2100-12-24,FI
joulupäivä,2100-12-25,2100-12-25,FI
tapaninpäivä,2100-12-26,2100-12-26,FI
uusivuosi,2101-01-01,2101-01-01,FI
loppiainen,2101-01-06,2101-01-06,FI
pitkäperjantai,2101-04-15,2101-04-15,FI
toinen pääsiäispäivä,2101-04-18,2101-04-18,FI
vappu,2101-05-01,2101-05-01,FI
helatorstai,2101-05-26,2101-05-26,FI
juhannusaatto,2101-06-24,2101-06-24,FI
itsenäisyyspäivä,2101-12-06,2101-12-06,FI
jouluaatto,2101-12-24,2101-12-24,FI
joulupäivä,2101-12-25,2101-12-25,FI
tapaninpäivä,2101-12-26,2101-12-26,FI
uusivuosi,2102-01-01,2102-01-01,FI
loppiainen,2102-01-06,2102-01-06,FI
pitkäperjantai,2102-04-07,2102-04-07,FI
toinen pääsiäispäivä,2102-04-10,2102-04-10,FI
vappu,2102-05-01,2102-05-01,FI
helatorstai,2102-05-18,2102-05-18,FI
juhannusaatto,2102-06-23,2102-06-23,FI
itsenäisyyspäivä,2102-12-06,2102-12-06,FI
jouluaatto,2102-12-24,2102-12-24,FI
joulupäivä,2102-12-25,2102-12-25,FI
tapaninpäivä,2102-12-26,2102-12-26,FI
uusivuosi,2103-01-01,2103-01-01,FI
loppiainen,2103-01-06,2103-01-06,FI
pitkäperjantai,2103-03-23,2103-03-23,FI
toinen pääsiäispäivä,2103-03-26,2103-03-26,FI
vappu,2103-05-01,2103-05-01,FI
helatorstai,2103-05-03,2103-05-03,FI
juhannusaatto,2103-06-22,2103-06-22,FI
itsenäisyyspäivä,2103-12-06,2103-12-06,FI
jouluaatto,2103-12-24,2103-12-24,FI
joulupäivä,2103-12-25,2103-12-25,FI
tapaninpäivä,2103-12-26,2103-12-26,FI
uusivuosi,2104-01-01,2104-01-01,FI
loppiainen,2104-01-06,2104-01-06,FI
pitkäperjantai,2104-04-11,2104-04-11,FI
toinen pääsiäispäivä,2104-04-14,2104-04-14,FI
vappu,2104-05-01,2104-05-01,FI
helatorstai,2104-05-22,2104-05-22,FI
juhannusaatto,2104-06-20,2104-06-20,FI
itsenäisyyspäivä,2104-12-06,2104-12-06,FI
jouluaatto,2104-12-24,2104-12-24,FI
joulupäivä,2104-12-25,2104-12-25,FI
tapaninpäivä,2104-12-26,2104-12-26,FI
uusivuosi,2105-01-01,2105-01-01,FI
loppiainen,2105-01-06,2105-01-06,FI
pitkäperjantai,2105-04-03,2105-04-03,FI
toinen pääsiäispäivä,2105-04-06,2105-04-06,FI
vappu,2105-05-01,2105-05-01,FI
helatorstai,2105-05-14,2105-05-14,FI
juhannusaatto,2105-06-19,2105-06-19,FI
itsenäisyyspäivä,2105-12-06,2105-12-06,FI
jouluaatto,2105-12-24,2105-12-24,FI
joulupäivä,2105-12-25,2105-12-25,FI
tapaninpäivä,2105-12-26,2105-12-26,FI
uusivuosi,2106-01-01,2106-01-01,FI
loppiainen,2106-01-06,2106-01-06,FI
pitkäperjantai,2106-04-16,2106-04-16,FI
toinen pääsiäispäivä,2106-04-19,2106-04-19,FI
vappu,2106-05-01,2106-05-01,FI
helatorstai,2106-05-27,2106-05-27,FI
juhannusaatto,2106-06-25,2106-06-25,FI
itsenäisyyspäivä,2106-12-06,2106-12-06,FI
jouluaatto,2106-12-24,2106-12-24,FI
joulupäivä,2106-12-25,2106-12-25,FI
tapaninpäivä,2106-12-26,2106-12-26,FI
uusivuosi,2107-01-01,2107-01-01,FI
loppiainen,2107-01-06,2107-01-06,FI
pitkäperjantai,2107-04-08,2107-04-08,FI
toinen pääsiäispäivä,2107-04-11,2107-04-11,FI
vappu,2107-05-01,2107-05-01,FI
helatorstai,2107-05-19,2107-05-19,FI
juhannusaatto,2107-06-24,2107-06-24,FI
itsenäisyyspäivä,2107-12-06,2107-12-06,FI
jouluaatto,2107-12-24,2107-12-24,FI
joulupäivä,2107-12-25,2107-12-25,FI
tapaninpäivä,2107-12-26,2107-12-26,FI
uusivuosi,2108-01-01,2108-01-01,FI
loppiainen,2108-01-06,2108-01-06,FI
pitkäperjantai,2108-03-30,2108-03-30,FI
toinen pääsiäispäivä,2108-04-02,2108-04-02,FI
vappu,2108-05-01,2108-05-01,FI
helatorstai,2108-05-10,2108-05-10,FI
juhannusaatto,2108-06-22,2108-06-22,FI
itsenäisyyspäivä,2108-12-06,2108-12-06,FI
jouluaatto,2108-12-24,2108-12-24,FI
joulupäivä,2108-12-25,2108-12-25,FI
tapaninpäivä,2108-12-26,2108-12-26,FI
uusivuosi,2109-01-01,2109-01-01,FI
loppiainen,2109-01-06,2109-01-06,FI
pitkäperjantai,2109-04-19,2109-04-19,FI
toinen pääsiäispäivä,2109-04-22,2109-04-22,FI
vappu,2109-05-01,2109-05-01,FI
helatorstai,2109-05-30,2109-05-30,FI
juhannusaatto,2109-06-21,2109-06-21,FI
itsenäisyyspäivä,2109-12-06,2109-12-06,FI
jouluaatto,2109-12-24,2109-12-24,FI
joulupäivä,2109-12-25,2109-12-25,FI
tapaninpäivä,2109-12-26,2109-12-26,FI
uusivuosi,2110-01-01,2110-01-01,FI
loppiainen,2110-01-06,2110-01-06,FI
pitkäperjantai,2110-04-04,2110-04-04,FI
toinen pääsiäispäivä,2110-04-07,2110-04-07,FI
vappu,2110-05-01,2110-05-01,FI
helatorstai,2110-05-15,2110-05-15,FI
juhannusaatto,2110-06-20,2110-06-20,FI
itsenäisyyspäivä,2110-12-06,2110-12-06,FI
jouluaatto,2110-12-24,2110-12-24,FI
joulupäivä,2110-12-25,2110-12-25,FI
tapaninpäivä,2110-12-26,2110-12-26,FI
uusivuosi,2111-01-01,2111-01-01,FI
loppiainen,2111-01-06,2111-01-06,FI
pitkäperjantai,2111-03-27,2111-03-27,FI
toinen pääsiäispäivä,2111-03-30,2111-03-30,FI
vappu,2111-05-01,2111-05-01,FI
helatorstai,2111-05-07,2111-05-07,FI
juhannusaatto,2111-06-19,2111-06-19,FI
itsenäisyyspäivä,2111-12-06,2111-12-06,FI
jouluaatto,2111-12-24,2111-12-24,FI
joulupäivä,2111-12-25,2111-12-25,FI
tapaninpäivä,2111-12-26,2111-12-26,FI
uusivuosi,2112-01-01,2112-01-01,FI
loppiainen,2112-01-06,2112-01-06,FI
pitkäperjantai,2112-04-15,2112-04-15,FI
toinen pääsiäispäivä,2112-04-18,2112-04-18,FI
vappu,2112-05-01,2112-05-01,FI
helatorstai,2112-05-26,2112-05-26,FI
juhannusaatto,2112-06-24,2112-06-24,FI
itsenäisyyspäivä,2112-12-06,2112-12-06,FI
jouluaatto,2112-12-24,2112-12-24,FI
joulupäivä,2112-12-25,2112-12-25,FI
tapaninpäivä,2112-12-26,2112-12-26,FI
uusivuosi,2113-01-01,2113-01-01,FI
loppiainen,2113-01-06,2113-01-06,FI
pitkäperjantai,2113-03-31,2113-03-31,FI
toinen pääsiäispäivä,2113-04-03,2113-04-03,FI
vappu,2113-05-01,2113-05-01,FI
helatorstai,2113-05-11,2113-05-11,FI
juhannusaatto,2113-06-23,2113-06-23,FI
itsenäisyyspäivä,2113-12-06,2113-12-06,FI
jouluaatto,2113-12-24,2113-12-24,FI
joulupäivä,2113-12-25,2113-12-25,FI
tapaninpäivä,2113-12-26,2113-12-26,FI
uusivuosi,2114-01-01,2114-01-01,FI
loppiainen,2114-01-06,2114-01-06,FI
pitkäperjantai,2114-04-20,2114-04-20,FI
toinen pääsiäispäivä,2114-04-23,2114-04-23,FI
vappu,2114-05-01,2114-05-01,FI
helatorstai,2114-05-31,2114-05-31,FI
juhannusaatto,2114-06-22,2114-06-22,FI
itsenäisyyspäivä,2114-12-06,2114-12-06,FI
jouluaatto,2114-12-24,2114-12-24,FI
joulupäivä,2114-12-25,2114-12-25,FI
tapaninpäivä,2114-12-26,2114-12-26,FI
uusivuosi,2115-01-01,2115-01-01,FI
loppiainen,2115-01-06,2115-01-06,FI
pitkäperjantai,2115-04-12,2115-04-12,FI
toinen pääsiäispäivä,2115-04-15,2115-04-15,FI
vappu,2115-05-01,2115-05-01,FI
helatorstai,2115-05-23,2115-05-23,FI
juhannusaatto,2115-06-21,2115-06-21,FI
itsenäisyyspäivä,2115-12-06,2115-12-06,FI
jouluaatto,2115-12-24,2115-12-24,FI
joulupäivä,2115-12-25,2115-12-25,FI
tapaninpäivä,2115-12-26,2115-12-26,FI
uusivuosi,2116-01-01,2116-01-01,FI
loppiainen,2116-01-06,2116-01-06,FI
pitkäperjantai,2116-03-27,2116-03-27,FI
toinen pääsiäispäivä,2116-03-30,2116-03-30,FI
vappu,2116-05-01,2116-05-01,FI
helatorstai,2116-05-07,2116-05-07,FI
juhannusaatto,2116-06-19,2116-06-19,FI
itsenäisyyspäivä,2116-12-06,2116-12-06,FI
jouluaatto,2116-12-24,2116-12-24,FI
joulupäivä,2116-12-25,2116-12-25,FI
tapaninpäivä,2116-12-26,2116-12-26,FI
uusivuosi,2117-01-01,2117-01-01,FI
loppiainen,2117-01-06,2117-01-06,FI
pitkäperjantai,2117-04-16,2117-04-16,FI
toinen pääsiäispäivä,2117-04-19,2117-04-19,FI
vappu,2117-05-01,2117-05-01,FI
helatorstai,2117-05-27,2117-05-27,FI
juhannusaatto,2117-06-25,2117-06-25,FI
itsenäisyyspäivä,2117-12-06,2117-12-06,FI
jouluaatto,2117-12-24,2117-12-24,FI
joulupäivä,2117-12-25,2117-12-25,FI
tapaninpäivä,2117-12-26,2117-12-26,FI
uusivuosi,2118-01-01,2118-01-01,FI
loppiainen,2118-01-06,2118-01-06,FI
pitkäperjantai,2118-04-08,2118-04-08,FI
toinen pääsiäispäivä,2118-04-11,2118-04-11,FI
vappu,2118-05-01,2118-05-01,FI
helatorstai,2118-05-19,2118-05-19,FI
juhannusaatto,2118-06-24,2118-06-24,FI
itsenäisyyspäivä,2118-12-06,2118-12-06,FI
jouluaatto,2118-12-24,2118-12-24,FI
joulupäivä,2118-12-25,2118-12-25,FI
tapaninpäivä,2118-12-26,2118-12-26,FI
